model,rmse,mae
Linear Regression,173631.33275475117,87215.50630832017
Gradient Boosting,220853.55953789692,110868.85311061959
Random Forest,225956.7148924294,112903.59496637457
