model,accuracy,precision_macro,recall_macro
Logistic Regression,1.0,1.0,1.0
k-NN,0.9666666666666667,0.9696969696969697,0.9666666666666667
Decision Tree,0.9333333333333333,0.9444444444444445,0.9333333333333332
